server,qps_target,qps_achieved,resp_received,resp_lost,avg_ms,p95_ms
2a02:8012:bc57:1:2::c0de,5000,0.000000,,,,
2a02:8012:bc57:1:2::c0de,10000,0.000000,,,,
2a02:8012:bc57:1:2::c0de,20000,0.000000,,,,
2a02:8012:bc57:1:2::c0de,30000,0.000000,,,,
2a02:8012:bc57:1:2::c0de,40000,0.000000,,,,
2a02:8012:bc57:1:2::c0de,50000,0.000000,,,,
2a02:8012:bc57:1:2::c0de,70000,0.000000,,,,
2a02:8012:bc57:1:2::c0de,90000,0.000000,,,,
